{
    "clutter_dist": [
        0,
        10
    ],
    "samples": [
        3.6357147681173307,
        -2.9591918946202873,
        1.2175111413201718,
        3.98460782467589,
        2.7696939981526056,
        3.2469700476667605,
        -3.674823090889701,
        2.161669504371246,
        1.6310319780444473,
        0.5997274548811876,
        4.2721146005387665,
        3.3083922959069523,
        -0.185473098452379,
        -2.895567514245386,
        3.014479929428926,
        0.4710569133428159,
        3.515813084428137,
        2.7596626869452563,
        7.684757735127629,
        2.9196231291551418,
        -3.8446452653668866,
        0.6367728066335339,
        2.058157449502586,
        3.613216341986329,
        -1.6439439902742687,
        3.262377827902655,
        5.456453063785586,
        2.5507934179922795,
        1.9638065111598095,
        -1.7044813665217737,
        1.213822481800081,
        0.17144017941257478,
        3.099057256152479,
        2.6988466527256563,
        4.9398802903214305,
        -2.1216156909977935,
        3.3642216787949426,
        3.721011245583046,
        0.03558201146182166,
        2.9817269700864815,
        2.669192396655552
    ],
    "target_dist": [
        3,
        1
    ]
}